{"cameraMode":{"drawMode":0,"name":"Shaded","section":"Shading Mode"},"sceneLighting":true,"audioPlay":false,"sceneViewState":{"m_AlwaysRefresh":false,"showFog":true,"showSkybox":true,"showFlares":true,"showImageEffects":true,"showParticleSystems":true,"showVisualEffectGraphs":true,"m_FxEnabled":true},"in2DMode":false,"pivot":{"x":-1.2151687145233155,"y":1.1868176460266114,"z":-0.5031284093856812},"rotation":{"x":0.15233510732650758,"y":0.5988784432411194,"z":-0.11735133081674576,"w":0.7774109840393066},"size":0.6918203830718994,"orthographic":false}